Date,Open,High,Low,Close,Volume
2025-01-29 00:00:00,1.10307,1.1031900000000001,1.10151,1.10279,178
2025-01-29 00:30:00,1.10274,1.10357,1.10272,1.10325,249
2025-01-29 01:00:00,1.10328,1.10378,1.10328,1.10357,217
2025-01-29 01:30:00,1.10356,1.10394,1.1034,1.1036,219
2025-01-29 02:00:00,1.10359,1.10383,1.10301,1.10309,267
2025-01-29 02:30:00,1.103,1.103,1.10069,1.10103,729
2025-01-29 03:00:00,1.10104,1.10113,1.10056,1.10067,426
2025-01-29 03:30:00,1.10066,1.10142,1.10066,1.1013600000000001,488
2025-01-29 04:00:00,1.10137,1.10194,1.10137,1.10182,648
2025-01-29 04:30:00,1.10183,1.1024,1.10178,1.10181,758
2025-01-29 05:00:00,1.1018,1.1019700000000001,1.10133,1.10141,507
2025-01-29 05:30:00,1.10138,1.10176,1.1012,1.10164,601
2025-01-29 06:00:00,1.10168,1.10193,1.10128,1.10163,497
2025-01-29 06:30:00,1.10163,1.10172,1.10132,1.10149,559
2025-01-29 07:00:00,1.1015,1.10196,1.10137,1.10191,522
2025-01-29 07:30:00,1.10193,1.10232,1.10188,1.1023,489
2025-01-29 08:00:00,1.1023,1.10233,1.10186,1.10211,675
2025-01-29 08:30:00,1.1021,1.1024,1.10202,1.1020699999999999,670
2025-01-29 09:00:00,1.10203,1.10231,1.10179,1.10209,592
2025-01-29 09:30:00,1.10211,1.10242,1.10209,1.10219,536
2025-01-29 10:00:00,1.10218,1.10231,1.1019,1.10223,605
2025-01-29 10:30:00,1.10222,1.10231,1.10203,1.1021,681
2025-01-29 11:00:00,1.10211,1.10251,1.10208,1.10249,586
2025-01-29 11:30:00,1.1025,1.10269,1.10235,1.10247,587
2025-01-29 12:00:00,1.10247,1.1026799999999999,1.10234,1.10237,687
2025-01-29 12:30:00,1.10236,1.10249,1.10215,1.10242,565
2025-01-29 13:00:00,1.10243,1.1026799999999999,1.1024,1.10252,467
2025-01-29 13:30:00,1.10252,1.10264,1.10215,1.10239,493
2025-01-29 14:00:00,1.10238,1.10252,1.10216,1.10221,573
2025-01-29 14:30:00,1.1022,1.10223,1.10189,1.10209,558
2025-01-29 15:00:00,1.1021,1.10279,1.10206,1.10245,684
2025-01-29 15:30:00,1.10245,1.10248,1.102,1.1021,622
2025-01-29 16:00:00,1.1021,1.1022,1.10192,1.1019700000000001,357
2025-01-29 16:30:00,1.10198,1.10233,1.10189,1.10196,592
2025-01-29 17:00:00,1.10196,1.10211,1.10165,1.10165,623
2025-01-29 17:30:00,1.10165,1.10177,1.10121,1.10135,996
2025-01-29 18:00:00,1.10137,1.10151,1.1012,1.10139,1009
2025-01-29 18:30:00,1.10139,1.10157,1.10128,1.10157,885
2025-01-29 19:00:00,1.10156,1.1018,1.1014,1.10149,1057
2025-01-29 19:30:00,1.1015,1.10182,1.10133,1.10179,672
2025-01-29 20:00:00,1.10137,1.10195,1.10137,1.10182,729
2025-01-29 20:30:00,1.10181,1.10245,1.10129,1.10129,517
2025-01-29 21:00:00,1.10082,1.10223,1.10082,1.10209,1255
2025-01-29 21:30:00,1.10213,1.1025,1.10143,1.10182,1856
2025-01-29 22:00:00,1.10179,1.10195,1.10156,1.10175,1737
2025-01-29 22:30:00,1.10174,1.10192,1.10151,1.10158,842
2025-01-29 23:00:00,1.10158,1.10185,1.10142,1.10165,572
2025-01-29 23:30:00,1.10165,1.10168,1.09993,1.09993,680
2025-01-30 00:00:00,1.09908,1.10142,1.09908,1.10084,422
2025-01-30 00:30:00,1.10093,1.10135,1.10041,1.10063,363
2025-01-30 01:00:00,1.10097,1.10167,1.10097,1.10133,354
2025-01-30 01:30:00,1.10135,1.10162,1.10093,1.10093,348
2025-01-30 02:00:00,1.10078,1.10168,1.10078,1.10117,331
2025-01-30 02:30:00,1.1012,1.10188,1.10119,1.10148,356
2025-01-30 03:00:00,1.10147,1.1018,1.1013600000000001,1.10155,451
2025-01-30 03:30:00,1.10154,1.10217,1.10151,1.10188,339
2025-01-30 04:00:00,1.10188,1.1023,1.10179,1.10189,585
2025-01-30 04:30:00,1.10188,1.1019,1.10138,1.10158,539
2025-01-30 05:00:00,1.10158,1.10217,1.10154,1.10198,461
2025-01-30 05:30:00,1.10198,1.10204,1.10166,1.10186,455
2025-01-30 06:00:00,1.10184,1.10216,1.10179,1.10188,269
2025-01-30 06:30:00,1.10188,1.10204,1.10167,1.10178,206
2025-01-30 07:00:00,1.10178,1.1019700000000001,1.10166,1.10169,201
2025-01-30 07:30:00,1.1017,1.10183,1.1014599999999999,1.10152,266
2025-01-30 08:00:00,1.10152,1.10194,1.10144,1.10163,286
2025-01-30 08:30:00,1.10162,1.10199,1.10161,1.10186,364
2025-01-30 09:00:00,1.10181,1.10221,1.10174,1.10204,370
2025-01-30 09:30:00,1.10202,1.10269,1.10192,1.10233,318
2025-01-30 10:00:00,1.10232,1.10331,1.10231,1.10313,691
2025-01-30 10:30:00,1.10311,1.10322,1.10286,1.10299,372
2025-01-30 11:00:00,1.103,1.10306,1.10238,1.10255,518
2025-01-30 11:30:00,1.10253,1.10257,1.10188,1.10193,416
2025-01-30 12:00:00,1.10194,1.10228,1.10187,1.10225,329
2025-01-30 12:30:00,1.10226,1.10265,1.10208,1.10244,329
2025-01-30 13:00:00,1.10245,1.10252,1.10221,1.1023,319
2025-01-30 13:30:00,1.10229,1.10247,1.10189,1.10229,362
2025-01-30 14:00:00,1.10229,1.10236,1.1019,1.10194,439
2025-01-30 14:30:00,1.10193,1.1022,1.10179,1.10195,382
2025-01-30 15:00:00,1.10194,1.10217,1.10141,1.10141,556
2025-01-30 15:30:00,1.10143,1.10213,1.10143,1.10184,771
2025-01-30 16:00:00,1.10186,1.10219,1.10157,1.10219,763
2025-01-30 16:30:00,1.10219,1.10226,1.1017,1.10173,947
2025-01-30 17:00:00,1.10172,1.10233,1.10166,1.1023,708
2025-01-30 17:30:00,1.10231,1.10267,1.10222,1.10243,660
2025-01-30 18:00:00,1.10243,1.10276,1.10235,1.10241,659
2025-01-30 18:30:00,1.10242,1.1026,1.10224,1.10241,675
2025-01-30 19:00:00,1.10242,1.10245,1.10213,1.10222,952
2025-01-30 19:30:00,1.10221,1.10239,1.10219,1.10221,743
2025-01-30 20:00:00,1.10218,1.10265,1.10215,1.10235,607
2025-01-30 20:30:00,1.10234,1.1026,1.1023,1.10244,536
2025-01-30 21:00:00,1.10245,1.10248,1.10228,1.10233,460
2025-01-30 21:30:00,1.10232,1.1028,1.10217,1.10277,546
2025-01-30 22:00:00,1.10278,1.10309,1.10274,1.1028,466
2025-01-30 22:30:00,1.10279,1.10292,1.10223,1.10251,1190
2025-01-30 23:00:00,1.10252,1.1028,1.10154,1.10162,1009
2025-01-30 23:30:00,1.10154,1.10191,1.10125,1.10143,747
2025-01-31 00:00:00,1.10042,1.10257,1.09977,1.10206,200
2025-01-31 00:30:00,1.10218,1.10256,1.10072,1.10152,407
2025-01-31 01:00:00,1.10147,1.10276,1.10147,1.10262,534
2025-01-31 01:30:00,1.10261,1.10288,1.10247,1.10261,363
2025-01-31 02:00:00,1.1025800000000001,1.10315,1.10234,1.10259,401
2025-01-31 02:30:00,1.10261,1.1031900000000001,1.10261,1.10277,411
2025-01-31 03:00:00,1.10276,1.10342,1.10272,1.1031900000000001,514
2025-01-31 03:30:00,1.1031900000000001,1.10324,1.10256,1.10256,464
2025-01-31 04:00:00,1.10256,1.10313,1.10244,1.10307,330
2025-01-31 04:30:00,1.10324,1.10324,1.10217,1.10222,602
2025-01-31 05:00:00,1.1022,1.10283,1.10211,1.10247,402
2025-01-31 05:30:00,1.10245,1.10272,1.10227,1.10257,261
2025-01-31 06:00:00,1.1025800000000001,1.10278,1.10239,1.10247,255
2025-01-31 06:30:00,1.10247,1.10275,1.10225,1.10269,276
2025-01-31 07:00:00,1.10269,1.10301,1.10256,1.1027,245
2025-01-31 07:30:00,1.1027,1.10287,1.10191,1.10221,339
2025-01-31 08:00:00,1.10222,1.10265,1.10219,1.10247,290
2025-01-31 08:30:00,1.10249,1.10259,1.10188,1.10193,358
2025-01-31 09:00:00,1.10191,1.10196,1.10149,1.10152,435
2025-01-31 09:30:00,1.1015,1.10169,1.10139,1.10145,404
2025-01-31 10:00:00,1.1014599999999999,1.10161,1.10122,1.10131,331
2025-01-31 10:30:00,1.10132,1.1014599999999999,1.10086,1.10099,499
2025-01-31 11:00:00,1.10097,1.10121,1.10077,1.10118,464
2025-01-31 11:30:00,1.10118,1.1013600000000001,1.10097,1.10101,271
2025-01-31 12:00:00,1.10101,1.10117,1.1007,1.10098,358
2025-01-31 12:30:00,1.10098,1.10115,1.10074,1.10098,301
2025-01-31 13:00:00,1.10099,1.10113,1.10087,1.10095,287
2025-01-31 13:30:00,1.10095,1.10121,1.10089,1.10116,289
2025-01-31 14:00:00,1.10115,1.10122,1.10088,1.10091,258
2025-01-31 14:30:00,1.1009,1.10114,1.10088,1.10099,308
2025-01-31 15:00:00,1.10099,1.10135,1.10084,1.10084,519
2025-01-31 15:30:00,1.10098,1.10156,1.10098,1.10142,771
2025-01-31 16:00:00,1.10142,1.10181,1.10128,1.1018,421
2025-01-31 16:30:00,1.1018,1.1019,1.10145,1.10188,774
2025-01-31 17:00:00,1.10188,1.10264,1.10188,1.1025800000000001,616
2025-01-31 17:30:00,1.10257,1.10334,1.1019,1.10307,791
2025-01-31 18:00:00,1.10303,1.10329,1.10224,1.10231,824
2025-01-31 18:30:00,1.10231,1.10247,1.10143,1.10144,925
2025-01-31 19:00:00,1.10145,1.10224,1.10132,1.10148,1430
2025-01-31 19:30:00,1.10149,1.10205,1.10145,1.10199,997
2025-01-31 20:00:00,1.10198,1.10234,1.10187,1.10209,1109
2025-01-31 20:30:00,1.1020699999999999,1.10225,1.10185,1.10203,1251
2025-01-31 21:00:00,1.10203,1.10222,1.10178,1.10186,1096
2025-01-31 21:30:00,1.10187,1.10214,1.10168,1.10182,1097
2025-01-31 22:00:00,1.10182,1.10186,1.10153,1.10172,1006
2025-01-31 22:30:00,1.10174,1.10174,1.10137,1.10137,1032
2025-01-31 23:00:00,1.10132,1.10154,1.10121,1.10153,862
2025-01-31 23:30:00,1.10152,1.1021,1.1,1.1016,861
2025-02-03 00:00:00,1.10008,1.10266,1.09956,1.10231,358
2025-02-03 00:30:00,1.10233,1.10382,1.10167,1.10225,648
2025-02-03 01:00:00,1.10232,1.10337,1.10087,1.10196,1655
2025-02-03 01:30:00,1.10196,1.10306,1.10184,1.10267,1251
2025-02-03 02:00:00,1.10266,1.10355,1.102,1.10201,1438
2025-02-03 02:30:00,1.10286,1.1036,1.10189,1.10297,1408
2025-02-03 03:00:00,1.10297,1.10393,1.10245,1.10367,1268
2025-02-03 03:30:00,1.10366,1.10389,1.10301,1.10359,1088
2025-02-03 04:00:00,1.10359,1.10381,1.10183,1.1023,1389
2025-02-03 04:30:00,1.1023,1.10279,1.10193,1.10272,1049
2025-02-03 05:00:00,1.10273,1.10348,1.1025,1.10336,891
2025-02-03 05:30:00,1.10335,1.10366,1.10323,1.10346,804
2025-02-03 06:00:00,1.10346,1.10467,1.1034,1.10389,1273
2025-02-03 06:30:00,1.10388,1.10431,1.10331,1.10401,722
2025-02-03 07:00:00,1.104,1.10405,1.10366,1.10369,714
2025-02-03 07:30:00,1.10366,1.10448,1.10353,1.10446,678
2025-02-03 08:00:00,1.10446,1.10521,1.10439,1.10498,611
2025-02-03 08:30:00,1.10498,1.10515,1.10474,1.10484,710
2025-02-03 09:00:00,1.1049,1.10514,1.10473,1.10509,921
2025-02-03 09:30:00,1.1051,1.10513,1.10455,1.10481,820
2025-02-03 10:00:00,1.1048,1.10492,1.10396,1.10405,797
2025-02-03 10:30:00,1.10401,1.1041,1.1037,1.1041,627
2025-02-03 11:00:00,1.1041,1.10433,1.10387,1.1042399999999999,832
2025-02-03 11:30:00,1.10422,1.10443,1.10413,1.1044,692
2025-02-03 12:00:00,1.10442,1.10484,1.10438,1.10481,693
2025-02-03 12:30:00,1.10482,1.10499,1.10464,1.10487,737
2025-02-03 13:00:00,1.10488,1.10506,1.10474,1.1048,844
2025-02-03 13:30:00,1.10479,1.105,1.1044100000000001,1.10495,836
2025-02-03 14:00:00,1.10495,1.105,1.10452,1.10459,692
2025-02-03 14:30:00,1.10459,1.10495,1.10417,1.10493,500
2025-02-03 15:00:00,1.10488,1.1052,1.1048,1.10493,789
2025-02-03 15:30:00,1.10495,1.10524,1.1048,1.10511,639
2025-02-03 16:00:00,1.10513,1.10531,1.10497,1.10506,1025
2025-02-03 16:30:00,1.10508,1.10525,1.10428,1.10428,1173
2025-02-03 17:00:00,1.10473,1.10498,1.10394,1.10467,1632
2025-02-03 17:30:00,1.10471,1.10541,1.10425,1.10534,1175
2025-02-03 18:00:00,1.10534,1.1055,1.10423,1.10501,733
2025-02-03 18:30:00,1.1050200000000001,1.10541,1.105,1.10523,1369
2025-02-03 19:00:00,1.10522,1.10531,1.10513,1.10518,941
2025-02-03 19:30:00,1.10517,1.10521,1.10452,1.1048499999999999,1061
2025-02-03 20:00:00,1.10452,1.10522,1.10452,1.10504,1467
2025-02-03 20:30:00,1.10504,1.10531,1.105,1.10523,829
2025-02-03 21:00:00,1.10522,1.10556,1.10519,1.10538,752
2025-02-03 21:30:00,1.10538,1.10556,1.10522,1.10556,682
2025-02-03 22:00:00,1.10552,1.10571,1.1054,1.10541,799
2025-02-03 22:30:00,1.1054,1.1056,1.10532,1.10537,810
2025-02-03 23:00:00,1.10534,1.10575,1.10525,1.10553,830
2025-02-03 23:30:00,1.10552,1.10621,1.1051,1.10575,1705
2025-02-04 00:00:00,1.10583,1.10594,1.10393,1.10504,282
2025-02-04 00:30:00,1.10504,1.10581,1.10398,1.10494,302
2025-02-04 01:00:00,1.10494,1.10551,1.10416,1.10423,844
2025-02-04 01:30:00,1.1042399999999999,1.10501,1.1042399999999999,1.10469,787
2025-02-04 02:00:00,1.10468,1.10501,1.10443,1.10498,649
2025-02-04 02:30:00,1.10498,1.10545,1.10465,1.10521,438
2025-02-04 03:00:00,1.10517,1.10536,1.10481,1.10512,794
2025-02-04 03:30:00,1.10511,1.10511,1.10445,1.105,901
2025-02-04 04:00:00,1.10501,1.10571,1.10491,1.10565,704
2025-02-04 04:30:00,1.10564,1.10579,1.10516,1.10577,745
2025-02-04 05:00:00,1.10579,1.1062,1.10572,1.10614,551
2025-02-04 05:30:00,1.10617,1.10662,1.1059,1.1064,754
2025-02-04 06:00:00,1.10636,1.10686,1.10634,1.10672,416
2025-02-04 06:30:00,1.10673,1.10676,1.10631,1.10635,670
2025-02-04 07:00:00,1.10636,1.10643,1.10524,1.10639,1693
2025-02-04 07:30:00,1.10637,1.10647,1.10575,1.10617,973
2025-02-04 08:00:00,1.10617,1.10664,1.10617,1.1066,801
2025-02-04 08:30:00,1.1066,1.1066799999999999,1.10617,1.10642,880
2025-02-04 09:00:00,1.10641,1.10651,1.10604,1.1060699999999999,864
2025-02-04 09:30:00,1.1060699999999999,1.10681,1.10599,1.1068,718
2025-02-04 10:00:00,1.10682,1.1069,1.10639,1.10679,1069
2025-02-04 10:30:00,1.10679,1.10684,1.10614,1.10646,857
2025-02-04 11:00:00,1.10647,1.10687,1.10639,1.10665,854
2025-02-04 11:30:00,1.10666,1.10683,1.10636,1.10682,828
2025-02-04 12:00:00,1.10683,1.10698,1.10645,1.10681,488
2025-02-04 12:30:00,1.1068,1.10719,1.1065,1.10711,527
2025-02-04 13:00:00,1.10711,1.10742,1.10687,1.10703,526
2025-02-04 13:30:00,1.10701,1.10712,1.10688,1.10702,539
2025-02-04 14:00:00,1.10701,1.1074,1.107,1.1072899999999999,691
2025-02-04 14:30:00,1.1072899999999999,1.10759,1.10728,1.1074,564
2025-02-04 15:00:00,1.10739,1.10759,1.10726,1.10754,506
2025-02-04 15:30:00,1.10755,1.10766,1.10686,1.10689,674
2025-02-04 16:00:00,1.10687,1.10699,1.10674,1.10679,802
2025-02-04 16:30:00,1.10678,1.10687,1.10628,1.10628,1056
2025-02-04 17:00:00,1.10628,1.10669,1.10609,1.10659,1325
2025-02-04 17:30:00,1.1066,1.10743,1.10654,1.10731,1055
2025-02-04 18:00:00,1.1073,1.10769,1.10722,1.10766,966
2025-02-04 18:30:00,1.10765,1.10779,1.10714,1.10728,540
2025-02-04 19:00:00,1.1072899999999999,1.10744,1.10704,1.10705,837
2025-02-04 19:30:00,1.10705,1.10736,1.10688,1.1072,720
2025-02-04 20:00:00,1.1066799999999999,1.10724,1.1066799999999999,1.10711,654
2025-02-04 20:30:00,1.10713,1.10725,1.10689,1.1069,545
2025-02-04 21:00:00,1.10691,1.10734,1.10688,1.10702,586
2025-02-04 21:30:00,1.10704,1.1073,1.10676,1.1071,664
2025-02-04 22:00:00,1.10712,1.10717,1.10693,1.10711,624
2025-02-04 22:30:00,1.10709,1.10759,1.10709,1.10758,507
2025-02-04 23:00:00,1.10759,1.10767,1.10726,1.10737,405
2025-02-04 23:30:00,1.10735,1.10754,1.10556,1.1056300000000001,779
2025-02-05 00:00:00,1.10588,1.10703,1.10456,1.10631,203
2025-02-05 00:30:00,1.10661,1.10688,1.10601,1.10621,281
2025-02-05 01:00:00,1.10617,1.10732,1.10612,1.10714,389
2025-02-05 01:30:00,1.10713,1.10719,1.10652,1.10654,262
2025-02-05 02:00:00,1.10654,1.10673,1.10569,1.10578,487
2025-02-05 02:30:00,1.10575,1.10606,1.10558,1.10566,467
2025-02-05 03:00:00,1.10567,1.10574,1.10527,1.10536,909
2025-02-05 03:30:00,1.10536,1.1054,1.10472,1.10519,766
2025-02-05 04:00:00,1.10518,1.10553,1.10489,1.10514,677
2025-02-05 04:30:00,1.10513,1.10575,1.10512,1.10527,551
2025-02-05 05:00:00,1.10526,1.10558,1.10471,1.10477,389
2025-02-05 05:30:00,1.10474,1.10515,1.10442,1.10446,424
2025-02-05 06:00:00,1.10446,1.10475,1.10418,1.10457,338
2025-02-05 06:30:00,1.10458,1.10471,1.10442,1.10459,391
2025-02-05 07:00:00,1.10459,1.10483,1.10447,1.1047,356
2025-02-05 07:30:00,1.10471,1.1053,1.10431,1.10525,370
2025-02-05 08:00:00,1.10525,1.10526,1.10445,1.10447,481
2025-02-05 08:30:00,1.10449,1.1049,1.10427,1.1048499999999999,434
2025-02-05 09:00:00,1.1048499999999999,1.10559,1.10482,1.10526,745
2025-02-05 09:30:00,1.10525,1.1054599999999999,1.10515,1.10543,825
2025-02-05 10:00:00,1.10543,1.10562,1.10505,1.1054,759
2025-02-05 10:30:00,1.10541,1.10569,1.10507,1.10508,644
2025-02-05 11:00:00,1.10508,1.1051,1.10458,1.10504,565
2025-02-05 11:30:00,1.10505,1.10517,1.1046,1.10483,531
2025-02-05 12:00:00,1.10484,1.10527,1.1046,1.10511,437
2025-02-05 12:30:00,1.10511,1.10514,1.10443,1.10464,504
2025-02-05 13:00:00,1.10464,1.10486,1.10452,1.10468,327
2025-02-05 13:30:00,1.10463,1.10484,1.1044,1.10455,419
2025-02-05 14:00:00,1.10454,1.10486,1.10442,1.10456,515
2025-02-05 14:30:00,1.10458,1.10481,1.10449,1.10475,514
2025-02-05 15:00:00,1.10478,1.10499,1.10406,1.1049,697
2025-02-05 15:30:00,1.10492,1.1052,1.10481,1.10516,748
2025-02-05 16:00:00,1.10516,1.10542,1.10506,1.10521,727
2025-02-05 16:30:00,1.10521,1.10551,1.10448,1.1045,725
2025-02-05 17:00:00,1.10481,1.10499,1.10395,1.10421,1033
2025-02-05 17:30:00,1.1042,1.10462,1.10375,1.1046,773
2025-02-05 18:00:00,1.10461,1.10466,1.1043,1.10447,648
2025-02-05 18:30:00,1.10448,1.10493,1.10444,1.10478,623
2025-02-05 19:00:00,1.10477,1.10507,1.10473,1.10498,771
2025-02-05 19:30:00,1.10499,1.10514,1.10489,1.10508,691
2025-02-05 20:00:00,1.1042,1.10517,1.10419,1.10493,750
2025-02-05 20:30:00,1.10493,1.10513,1.10486,1.10487,705
2025-02-05 21:00:00,1.10488,1.10527,1.10486,1.10499,650
2025-02-05 21:30:00,1.10496,1.1052,1.10488,1.1052,761
2025-02-05 22:00:00,1.10521,1.10538,1.10506,1.1053,537
2025-02-05 22:30:00,1.10529,1.1054,1.10489,1.10503,662
2025-02-05 23:00:00,1.10503,1.10528,1.10499,1.10509,376
2025-02-05 23:30:00,1.10508,1.1052,1.10458,1.10469,826
2025-02-06 00:00:00,1.10421,1.10659,1.1011,1.10479,223
2025-02-06 00:30:00,1.10477,1.10491,1.10377,1.1042,269
2025-02-06 01:00:00,1.10438,1.10519,1.10438,1.10465,301
2025-02-06 01:30:00,1.10465,1.10492,1.10452,1.10467,194
2025-02-06 02:00:00,1.10468,1.10501,1.10445,1.10446,306
2025-02-06 02:30:00,1.1044100000000001,1.10483,1.1044,1.1045,272
2025-02-06 03:00:00,1.10453,1.10467,1.10427,1.1043,484
2025-02-06 03:30:00,1.1043,1.1048,1.10417,1.10477,727
2025-02-06 04:00:00,1.10476,1.10476,1.1042,1.10435,734
2025-02-06 04:30:00,1.10436,1.1051,1.10427,1.10505,760
2025-02-06 05:00:00,1.10506,1.10524,1.10453,1.10461,699
2025-02-06 05:30:00,1.1046,1.10475,1.10425,1.10433,615
2025-02-06 06:00:00,1.10433,1.10491,1.10425,1.1047,374
2025-02-06 06:30:00,1.10471,1.10513,1.10471,1.10499,507
2025-02-06 07:00:00,1.10498,1.1056,1.10494,1.10537,640
2025-02-06 07:30:00,1.10538,1.10541,1.10517,1.10529,673
2025-02-06 08:00:00,1.10527,1.1064,1.10527,1.10635,446
2025-02-06 08:30:00,1.10636,1.10666,1.1060699999999999,1.10615,583
2025-02-06 09:00:00,1.10615,1.10669,1.10585,1.10667,676
2025-02-06 09:30:00,1.10667,1.10699,1.10633,1.10662,709
2025-02-06 10:00:00,1.10662,1.10689,1.10616,1.10635,634
2025-02-06 10:30:00,1.10637,1.1067,1.10635,1.10648,718
2025-02-06 11:00:00,1.10647,1.10673,1.10626,1.10649,567
2025-02-06 11:30:00,1.10651,1.10688,1.10645,1.10667,598
2025-02-06 12:00:00,1.1066799999999999,1.10695,1.1066799999999999,1.10686,641
2025-02-06 12:30:00,1.10686,1.10689,1.10659,1.10665,669
2025-02-06 13:00:00,1.10666,1.10684,1.10654,1.10674,715
2025-02-06 13:30:00,1.10673,1.10683,1.10638,1.10669,723
2025-02-06 14:00:00,1.10669,1.10706,1.10665,1.10683,1101
2025-02-06 14:30:00,1.10682,1.1071,1.1068,1.10688,955
2025-02-06 15:00:00,1.10688,1.1071,1.10635,1.10635,987
2025-02-06 15:30:00,1.10669,1.10707,1.10655,1.10699,930
2025-02-06 16:00:00,1.10698,1.10733,1.10692,1.10721,725
2025-02-06 16:30:00,1.1072,1.10732,1.10697,1.10709,1048
2025-02-06 17:00:00,1.10708,1.10732,1.10682,1.10728,959
2025-02-06 17:30:00,1.1072899999999999,1.10742,1.10683,1.10731,1113
2025-02-06 18:00:00,1.10731,1.10761,1.10715,1.10747,852
2025-02-06 18:30:00,1.10747,1.10757,1.10735,1.10737,621
2025-02-06 19:00:00,1.10739,1.10741,1.10716,1.10721,661
2025-02-06 19:30:00,1.10718,1.10749,1.10717,1.1073,681
2025-02-06 20:00:00,1.10726,1.10735,1.10718,1.1072,1038
2025-02-06 20:30:00,1.1072,1.10732,1.10693,1.10708,847
2025-02-06 21:00:00,1.10707,1.10731,1.10697,1.10712,593
2025-02-06 21:30:00,1.10713,1.1072,1.10696,1.10712,669
2025-02-06 22:00:00,1.10712,1.10728,1.10701,1.1071,570
2025-02-06 22:30:00,1.10711,1.10736,1.10705,1.10715,716
2025-02-06 23:00:00,1.10713,1.10725,1.10689,1.10703,491
2025-02-06 23:30:00,1.10701,1.10721,1.10671,1.10671,556
2025-02-07 00:00:00,1.10679,1.10704,1.10324,1.1066,188
2025-02-07 00:30:00,1.10638,1.10667,1.10626,1.1065,220
2025-02-07 01:00:00,1.10662,1.10722,1.10662,1.10702,310
2025-02-07 01:30:00,1.10701,1.10711,1.10669,1.10688,222
2025-02-07 02:00:00,1.10686,1.10719,1.10674,1.10694,287
2025-02-07 02:30:00,1.10694,1.10706,1.1066799999999999,1.10678,508
2025-02-07 03:00:00,1.10677,1.1069,1.10614,1.10616,641
2025-02-07 03:30:00,1.10618,1.10643,1.10605,1.10631,587
2025-02-07 04:00:00,1.10631,1.10646,1.10611,1.10621,545
2025-02-07 04:30:00,1.10621,1.10643,1.10601,1.10616,592
2025-02-07 05:00:00,1.10616,1.10642,1.1061,1.10633,715
2025-02-07 05:30:00,1.10633,1.10666,1.1061,1.1064,446
2025-02-07 06:00:00,1.10642,1.10695,1.10639,1.1066799999999999,308
2025-02-07 06:30:00,1.10667,1.10684,1.10646,1.10659,413
2025-02-07 07:00:00,1.1066,1.10692,1.1066,1.10688,413
2025-02-07 07:30:00,1.10691,1.10698,1.10634,1.10637,526
2025-02-07 08:00:00,1.10638,1.10686,1.10636,1.1066799999999999,395
2025-02-07 08:30:00,1.1066799999999999,1.1071,1.10662,1.1071,397
2025-02-07 09:00:00,1.10706,1.10738,1.10703,1.1071,483
2025-02-07 09:30:00,1.10708,1.10722,1.10674,1.10695,334
2025-02-07 10:00:00,1.10695,1.10714,1.10683,1.10699,550
2025-02-07 10:30:00,1.10698,1.10698,1.10647,1.10661,432
2025-02-07 11:00:00,1.1066,1.107,1.10656,1.10675,527
2025-02-07 11:30:00,1.10675,1.10684,1.10652,1.1067,439
2025-02-07 12:00:00,1.1067,1.10691,1.10661,1.10671,379
2025-02-07 12:30:00,1.10672,1.10693,1.1066,1.10676,416
2025-02-07 13:00:00,1.10677,1.10701,1.10674,1.10698,439
2025-02-07 13:30:00,1.10697,1.10701,1.10677,1.10682,541
2025-02-07 14:00:00,1.10681,1.10699,1.10673,1.10678,543
2025-02-07 14:30:00,1.10678,1.10679,1.1065,1.10656,598
2025-02-07 15:00:00,1.10657,1.10697,1.1059,1.10598,692
2025-02-07 15:30:00,1.10629,1.10756,1.10615,1.10741,1419
2025-02-07 16:00:00,1.10741,1.10778,1.10716,1.10766,1037
2025-02-07 16:30:00,1.10767,1.10832,1.1068,1.10804,1024
2025-02-07 17:00:00,1.10798,1.10863,1.10797,1.10861,1118
2025-02-07 17:30:00,1.10862,1.10904,1.10808,1.10845,1010
2025-02-07 18:00:00,1.10846,1.10852,1.10806,1.10808,1257
2025-02-07 18:30:00,1.10807,1.10817,1.10789,1.1081,1071
2025-02-07 19:00:00,1.1081,1.10875,1.10792,1.10839,1605
2025-02-07 19:30:00,1.1084,1.10886,1.10826,1.10873,1050
2025-02-07 20:00:00,1.10876,1.10891,1.10853,1.10868,851
2025-02-07 20:30:00,1.10867,1.10886,1.10832,1.10849,781
2025-02-07 21:00:00,1.1085,1.10866,1.10831,1.1085,801
2025-02-07 21:30:00,1.1085,1.1085,1.10824,1.10836,798
2025-02-07 22:00:00,1.10836,1.10846,1.10805,1.10813,865
2025-02-07 22:30:00,1.10814,1.10836,1.10807,1.10808,780
2025-02-07 23:00:00,1.10809,1.10834,1.10801,1.10809,419
2025-02-07 23:30:00,1.10809,1.10845,1.10632,1.10765,998
2025-02-10 00:00:00,1.1057,1.1066,1.10401,1.10583,284
2025-02-10 00:30:00,1.10583,1.10728,1.10514,1.10651,664
2025-02-10 01:00:00,1.1065,1.10757,1.10629,1.10752,767
2025-02-10 01:30:00,1.10752,1.10838,1.10735,1.10837,510
2025-02-10 02:00:00,1.10836,1.10856,1.108,1.1082,499
2025-02-10 02:30:00,1.10822,1.10897,1.10818,1.10858,411
2025-02-10 03:00:00,1.10858,1.10907,1.10843,1.10878,614
2025-02-10 03:30:00,1.10877,1.10897,1.1085,1.10868,864
2025-02-10 04:00:00,1.10869,1.10887,1.10844,1.10877,604
2025-02-10 04:30:00,1.10877,1.10895,1.10865,1.10874,626
2025-02-10 05:00:00,1.10873,1.10893,1.10857,1.10868,634
2025-02-10 05:30:00,1.10867,1.10887,1.10848,1.10875,597
2025-02-10 06:00:00,1.10875,1.10888,1.10843,1.10857,462
2025-02-10 06:30:00,1.10858,1.10882,1.10852,1.10862,480
2025-02-10 07:00:00,1.10863,1.10879,1.10853,1.10858,550
2025-02-10 07:30:00,1.10859,1.10862,1.10837,1.10844,463
2025-02-10 08:00:00,1.10843,1.1088,1.10824,1.10865,600
2025-02-10 08:30:00,1.10866,1.10866,1.10823,1.1085,535
2025-02-10 09:00:00,1.1085,1.10915,1.10846,1.10895,628
2025-02-10 09:30:00,1.10896,1.10906,1.10845,1.10898,629
2025-02-10 10:00:00,1.10901,1.10939,1.10889,1.10928,712
2025-02-10 10:30:00,1.10929,1.10968,1.10925,1.1096,518
2025-02-10 11:00:00,1.10959,1.10959,1.10923,1.10938,554
2025-02-10 11:30:00,1.10937,1.10951,1.10924,1.1095,596
2025-02-10 12:00:00,1.10949,1.10995,1.10948,1.10975,352
2025-02-10 12:30:00,1.10975,1.10998,1.10967,1.1097,414
2025-02-10 13:00:00,1.1097,1.10992,1.10965,1.10974,533
2025-02-10 13:30:00,1.10977,1.10985,1.1096300000000001,1.10964,471
2025-02-10 14:00:00,1.1096300000000001,1.1099,1.10961,1.10984,413
2025-02-10 14:30:00,1.10984,1.11002,1.10976,1.11001,448
2025-02-10 15:00:00,1.11002,1.11017,1.10986,1.11008,663
2025-02-10 15:30:00,1.11009,1.11029,1.10993,1.11027,720
2025-02-10 16:00:00,1.11025,1.11065,1.11016,1.11059,626
2025-02-10 16:30:00,1.11061,1.11068,1.11032,1.11052,750
2025-02-10 17:00:00,1.11054,1.1109,1.1105,1.11071,671
2025-02-10 17:30:00,1.11073,1.11102,1.1107,1.11082,614
2025-02-10 18:00:00,1.11082,1.1113,1.11069,1.11122,698
2025-02-10 18:30:00,1.11122,1.11124,1.11086,1.11097,620
2025-02-10 19:00:00,1.11096,1.11116,1.11096,1.11111,640
2025-02-10 19:30:00,1.11111,1.11167,1.11105,1.1111,657
2025-02-10 20:00:00,1.11122,1.11216,1.11122,1.11197,565
2025-02-10 20:30:00,1.11197,1.11256,1.11191,1.11239,589
2025-02-10 21:00:00,1.11241,1.11265,1.1123,1.11248,498
2025-02-10 21:30:00,1.11249,1.11271,1.1124,1.11266,596
2025-02-10 22:00:00,1.11265,1.11274,1.11248,1.1125,456
2025-02-10 22:30:00,1.1125099999999999,1.11278,1.11245,1.11248,523
2025-02-10 23:00:00,1.11248,1.11289,1.11237,1.11261,352
2025-02-10 23:30:00,1.11263,1.11298,1.11256,1.11272,532
2025-02-11 00:00:00,1.11149,1.11276,1.11028,1.11166,355
2025-02-11 00:30:00,1.11175,1.11309,1.11114,1.1126800000000001,729
2025-02-11 01:00:00,1.11266,1.11343,1.1125099999999999,1.11287,917
2025-02-11 01:30:00,1.11283,1.11316,1.11256,1.11264,660
2025-02-11 02:00:00,1.11264,1.11332,1.11257,1.11282,618
2025-02-11 02:30:00,1.11318,1.11337,1.11275,1.11284,433
2025-02-11 03:00:00,1.11282,1.11303,1.11252,1.11258,579
2025-02-11 03:30:00,1.11257,1.11264,1.11211,1.11249,309
2025-02-11 04:00:00,1.1125,1.11278,1.1123,1.11235,631
2025-02-11 04:30:00,1.11235,1.11236,1.11178,1.11195,574
2025-02-11 05:00:00,1.11197,1.11199,1.11135,1.11149,560
2025-02-11 05:30:00,1.11149,1.11178,1.11139,1.11154,629
2025-02-11 06:00:00,1.11154,1.11184,1.11154,1.11158,567
2025-02-11 06:30:00,1.11157,1.11179,1.1114600000000001,1.11155,514
2025-02-11 07:00:00,1.11155,1.11171,1.11141,1.11155,608
2025-02-11 07:30:00,1.11156,1.11164,1.11137,1.11152,551
2025-02-11 08:00:00,1.1115,1.11176,1.11132,1.11168,538
2025-02-11 08:30:00,1.11166,1.1118999999999999,1.11143,1.11174,579
2025-02-11 09:00:00,1.11167,1.11169,1.1114,1.11155,656
2025-02-11 09:30:00,1.11153,1.1118,1.11141,1.11165,697
2025-02-11 10:00:00,1.11164,1.11177,1.11147,1.11172,506
2025-02-11 10:30:00,1.11171,1.11187,1.1116,1.11161,713
2025-02-11 11:00:00,1.11162,1.11191,1.11152,1.11176,774
2025-02-11 11:30:00,1.11175,1.11183,1.11138,1.11148,701
2025-02-11 12:00:00,1.11148,1.11186,1.11137,1.11173,705
2025-02-11 12:30:00,1.11174,1.11195,1.11133,1.11139,667
2025-02-11 13:00:00,1.11139,1.11157,1.11134,1.11154,481
2025-02-11 13:30:00,1.11155,1.11166,1.11148,1.11155,623
2025-02-11 14:00:00,1.11156,1.11189,1.11138,1.11178,693
2025-02-11 14:30:00,1.1118,1.11213,1.11179,1.11206,800
2025-02-11 15:00:00,1.11208,1.11209,1.11165,1.11176,842
2025-02-11 15:30:00,1.11175,1.11198,1.11157,1.11182,704
2025-02-11 16:00:00,1.11181,1.112,1.11163,1.11196,826
2025-02-11 16:30:00,1.11195,1.11203,1.11176,1.11192,944
2025-02-11 17:00:00,1.11195,1.11238,1.11192,1.11229,906
2025-02-11 17:30:00,1.1123,1.11284,1.1123,1.11274,697
2025-02-11 18:00:00,1.11274,1.11281,1.11259,1.1127,886
2025-02-11 18:30:00,1.11267,1.11272,1.11238,1.11264,867
2025-02-11 19:00:00,1.11261,1.11283,1.11246,1.1127,659
2025-02-11 19:30:00,1.11269,1.11297,1.11258,1.11281,446
2025-02-11 20:00:00,1.11286,1.11318,1.11256,1.11298,596
2025-02-11 20:30:00,1.11296,1.11334,1.11296,1.11321,593
2025-02-11 21:00:00,1.1132,1.11346,1.11306,1.11336,448
2025-02-11 21:30:00,1.11334,1.11342,1.11284,1.11338,826
2025-02-11 22:00:00,1.11339,1.11339,1.11275,1.11282,593
2025-02-11 22:30:00,1.11282,1.11311,1.11275,1.11295,547
2025-02-11 23:00:00,1.11296,1.1132900000000001,1.11289,1.11299,410
2025-02-11 23:30:00,1.113,1.11322,1.11289,1.11309,486
2025-02-12 00:00:00,1.11241,1.11311,1.10922,1.11247,323
2025-02-12 00:30:00,1.11249,1.11292,1.11224,1.1128,351
2025-02-12 01:00:00,1.1128,1.11338,1.1128,1.11282,265
2025-02-12 01:30:00,1.11282,1.11293,1.1126800000000001,1.11277,217
2025-02-12 02:00:00,1.11288,1.11295,1.11242,1.11243,279
2025-02-12 02:30:00,1.11245,1.11284,1.11215,1.11217,307
2025-02-12 03:00:00,1.11216,1.11226,1.11197,1.11218,601
2025-02-12 03:30:00,1.11218,1.11229,1.11199,1.11215,494
2025-02-12 04:00:00,1.11216,1.11239,1.11206,1.11218,432
2025-02-12 04:30:00,1.11216,1.11238,1.11203,1.11212,339
2025-02-12 05:00:00,1.11211,1.11236,1.11201,1.11211,511
2025-02-12 05:30:00,1.1121,1.11235,1.11198,1.11215,502
2025-02-12 06:00:00,1.11214,1.11246,1.11191,1.11231,482
2025-02-12 06:30:00,1.1123,1.11253,1.11225,1.1124,364
2025-02-12 07:00:00,1.11239,1.1127,1.11211,1.1127,403
2025-02-12 07:30:00,1.11271,1.11275,1.11242,1.11258,369
2025-02-12 08:00:00,1.11257,1.11302,1.11248,1.11289,368
2025-02-12 08:30:00,1.11288,1.11341,1.11279,1.11325,336
2025-02-12 09:00:00,1.11325,1.11349,1.1129,1.11292,346
2025-02-12 09:30:00,1.11291,1.11291,1.11235,1.11241,481
2025-02-12 10:00:00,1.11243,1.11273,1.11241,1.11269,626
2025-02-12 10:30:00,1.1127,1.11299,1.1126800000000001,1.11284,524
2025-02-12 11:00:00,1.11286,1.11298,1.11257,1.1126800000000001,728
2025-02-12 11:30:00,1.11266,1.11287,1.1125099999999999,1.11279,559
2025-02-12 12:00:00,1.11279,1.11337,1.11267,1.1132900000000001,586
2025-02-12 12:30:00,1.11328,1.11337,1.11313,1.11326,473
2025-02-12 13:00:00,1.11326,1.11333,1.11295,1.11295,541
2025-02-12 13:30:00,1.11296,1.11301,1.11259,1.11281,584
2025-02-12 14:00:00,1.11283,1.11288,1.11256,1.11278,451
2025-02-12 14:30:00,1.11276,1.11283,1.11262,1.11271,595
2025-02-12 15:00:00,1.11271,1.11284,1.11181,1.11181,765
2025-02-12 15:30:00,1.11206,1.1134,1.11199,1.11339,1609
2025-02-12 16:00:00,1.11338,1.11344,1.11301,1.11319,979
2025-02-12 16:30:00,1.11318,1.11347,1.1129,1.11339,1071
2025-02-12 17:00:00,1.11341,1.11363,1.11328,1.11357,1075
2025-02-12 17:30:00,1.11359,1.11414,1.11359,1.11399,1005
2025-02-12 18:00:00,1.114,1.11408,1.11378,1.11383,939
2025-02-12 18:30:00,1.11384,1.11402,1.11379,1.11401,906
2025-02-12 19:00:00,1.11402,1.11404,1.1133,1.11331,1504
2025-02-12 19:30:00,1.1133,1.11361,1.11318,1.11359,1161
2025-02-12 20:00:00,1.11359,1.11362,1.11308,1.11337,1090
2025-02-12 20:30:00,1.11336,1.11367,1.11331,1.11346,719
2025-02-12 21:00:00,1.11346,1.11371,1.11345,1.11355,510
2025-02-12 21:30:00,1.11356,1.11365,1.11319,1.1132,480
2025-02-12 22:00:00,1.1132,1.11347,1.11318,1.11327,502
2025-02-12 22:30:00,1.11326,1.11333,1.1129,1.11297,694
2025-02-12 23:00:00,1.11299,1.11318,1.11274,1.11303,647
2025-02-12 23:30:00,1.11304,1.11313,1.11259,1.11272,684
2025-02-13 00:00:00,1.11269,1.11269,1.11092,1.11259,224
2025-02-13 00:30:00,1.11265,1.11274,1.1117,1.11218,477
2025-02-13 01:00:00,1.11223,1.11357,1.11223,1.11343,279
2025-02-13 01:30:00,1.11344,1.11358,1.11324,1.11354,214
2025-02-13 02:00:00,1.11355,1.11368,1.11307,1.1131199999999999,258
2025-02-13 02:30:00,1.11313,1.11343,1.11305,1.11327,257
2025-02-13 03:00:00,1.11328,1.1133,1.11276,1.11298,710
2025-02-13 03:30:00,1.11297,1.1132,1.11284,1.11289,897
2025-02-13 04:00:00,1.11289,1.1131199999999999,1.11277,1.11298,720
2025-02-13 04:30:00,1.11298,1.11315,1.11286,1.11295,552
2025-02-13 05:00:00,1.11295,1.11327,1.11288,1.1131199999999999,674
2025-02-13 05:30:00,1.11311,1.11314,1.11292,1.11307,782
2025-02-13 06:00:00,1.11305,1.11316,1.11285,1.11298,921
2025-02-13 06:30:00,1.11299,1.11303,1.11255,1.11256,650
2025-02-13 07:00:00,1.11256,1.11267,1.11213,1.11214,783
2025-02-13 07:30:00,1.11215,1.11244,1.11204,1.11239,760
2025-02-13 08:00:00,1.11239,1.11245,1.11212,1.1124,884
2025-02-13 08:30:00,1.1124,1.11261,1.11186,1.11195,751
2025-02-13 09:00:00,1.11193,1.11217,1.11183,1.11213,897
2025-02-13 09:30:00,1.11205,1.11226,1.1118,1.1120700000000001,801
2025-02-13 10:00:00,1.11209,1.11229,1.11191,1.1121,462
2025-02-13 10:30:00,1.1121,1.11219,1.11165,1.11166,424
2025-02-13 11:00:00,1.11165,1.11185,1.11155,1.11172,684
2025-02-13 11:30:00,1.11172,1.1118999999999999,1.11157,1.11166,632
2025-02-13 12:00:00,1.11165,1.11181,1.11151,1.11155,505
2025-02-13 12:30:00,1.11155,1.11176,1.11154,1.11166,613
2025-02-13 13:00:00,1.11167,1.11179,1.11155,1.11171,591
2025-02-13 13:30:00,1.11172,1.11189,1.11147,1.11155,941
2025-02-13 14:00:00,1.11154,1.1118999999999999,1.1115,1.11178,685
2025-02-13 14:30:00,1.11177,1.1118999999999999,1.11137,1.11149,628
2025-02-13 15:00:00,1.1114600000000001,1.11201,1.11131,1.11142,721
2025-02-13 15:30:00,1.1114,1.11218,1.1114,1.11202,1136
2025-02-13 16:00:00,1.11203,1.11239,1.11194,1.11222,1056
2025-02-13 16:30:00,1.11221,1.1125,1.11206,1.11241,1045
2025-02-13 17:00:00,1.11241,1.1132,1.11239,1.11297,1217
2025-02-13 17:30:00,1.11297,1.11362,1.11282,1.1136,1055
2025-02-13 18:00:00,1.11358,1.1137299999999999,1.11337,1.11357,965
2025-02-13 18:30:00,1.11355,1.11361,1.11322,1.11323,762
2025-02-13 19:00:00,1.11321,1.11334,1.11301,1.11301,640
2025-02-13 19:30:00,1.11303,1.11309,1.11237,1.11237,784
2025-02-13 20:00:00,1.1123,1.11283,1.1121,1.1126800000000001,1015
2025-02-13 20:30:00,1.11266,1.11305,1.11261,1.11303,1438
2025-02-13 21:00:00,1.11302,1.11333,1.1126,1.11274,1028
2025-02-13 21:30:00,1.11275,1.11316,1.11255,1.11294,888
2025-02-13 22:00:00,1.11292,1.11315,1.11285,1.11306,709
2025-02-13 22:30:00,1.11308,1.11315,1.11287,1.11309,681
2025-02-13 23:00:00,1.11308,1.11337,1.11303,1.11303,452
2025-02-13 23:30:00,1.11302,1.11318,1.11243,1.11248,598
2025-02-14 00:00:00,1.11248,1.11276,1.11012,1.11201,356
2025-02-14 00:30:00,1.11166,1.11247,1.11148,1.11176,588
2025-02-14 01:00:00,1.11175,1.11239,1.11175,1.11203,468
2025-02-14 01:30:00,1.11203,1.11224,1.1117,1.11202,257
2025-02-14 02:00:00,1.11205,1.1120700000000001,1.11162,1.11179,380
2025-02-14 02:30:00,1.11178,1.11185,1.11098,1.11137,474
2025-02-14 03:00:00,1.11138,1.11179,1.11135,1.11173,805
2025-02-14 03:30:00,1.11175,1.112,1.11161,1.11177,866
2025-02-14 04:00:00,1.11177,1.11233,1.11132,1.11142,632
2025-02-14 04:30:00,1.11143,1.11147,1.11096,1.11107,658
2025-02-14 05:00:00,1.11106,1.11141,1.11071,1.11082,559
2025-02-14 05:30:00,1.11081,1.11102,1.11067,1.11093,639
2025-02-14 06:00:00,1.11092,1.11118,1.11083,1.11112,524
2025-02-14 06:30:00,1.11113,1.11138,1.1111,1.1113,425
2025-02-14 07:00:00,1.11131,1.11148,1.11102,1.11134,503
2025-02-14 07:30:00,1.11137,1.11151,1.11131,1.11144,592
2025-02-14 08:00:00,1.11144,1.11176,1.11128,1.11131,671
2025-02-14 08:30:00,1.1113,1.11142,1.1111,1.11128,698
2025-02-14 09:00:00,1.11128,1.11164,1.11096,1.11097,643
2025-02-14 09:30:00,1.11096,1.11173,1.11079,1.11171,567
2025-02-14 10:00:00,1.11172,1.11225,1.1115,1.11154,679
2025-02-14 10:30:00,1.11152,1.11153,1.11081,1.11116,791
2025-02-14 11:00:00,1.11115,1.11153,1.11097,1.11102,891
2025-02-14 11:30:00,1.11101,1.11107,1.11064,1.11073,731
2025-02-14 12:00:00,1.11073,1.11105,1.11067,1.11093,576
2025-02-14 12:30:00,1.11092,1.11111,1.11082,1.11087,655
2025-02-14 13:00:00,1.11087,1.11103,1.11077,1.11079,495
2025-02-14 13:30:00,1.11079,1.11132,1.11069,1.11132,508
2025-02-14 14:00:00,1.11132,1.11165,1.11121,1.11154,600
2025-02-14 14:30:00,1.11152,1.11166,1.1114,1.11143,491
2025-02-14 15:00:00,1.11142,1.11149,1.11081,1.11081,560
2025-02-14 15:30:00,1.111,1.11141,1.11078,1.11103,1216
2025-02-14 16:00:00,1.11103,1.11126,1.11059,1.11067,1062
2025-02-14 16:30:00,1.11068,1.11116,1.11067,1.11092,1056
2025-02-14 17:00:00,1.1109,1.11094,1.11015,1.1102,1008
2025-02-14 17:30:00,1.11019,1.11067,1.10983,1.1106,888
2025-02-14 18:00:00,1.11061,1.11061,1.10923,1.10926,804
2025-02-14 18:30:00,1.10924,1.10925,1.10863,1.10871,755
2025-02-14 19:00:00,1.10873,1.10898,1.10872,1.10882,759
2025-02-14 19:30:00,1.10882,1.10899,1.1084,1.10847,701
2025-02-14 20:00:00,1.10848,1.10858,1.10842,1.10852,597
2025-02-14 20:30:00,1.10854,1.1087,1.10848,1.10862,563
2025-02-14 21:00:00,1.10861,1.10865,1.10836,1.10843,468
2025-02-14 21:30:00,1.10842,1.10857,1.10799,1.108,454
2025-02-14 22:00:00,1.10799,1.10823,1.10794,1.108,431
2025-02-14 22:30:00,1.10798,1.1084100000000001,1.10765,1.10821,559
2025-02-14 23:00:00,1.10819,1.10846,1.10739,1.10804,372
2025-02-14 23:30:00,1.10804,1.10837,1.10677,1.10821,903
2025-02-17 00:00:00,1.1094,1.10953,1.10613,1.10892,260
2025-02-17 00:30:00,1.1088,1.10948,1.10797,1.10883,574
2025-02-17 01:00:00,1.10881,1.10922,1.10827,1.10883,786
2025-02-17 01:30:00,1.10881,1.10886,1.1084100000000001,1.10864,560
2025-02-17 02:00:00,1.10864,1.10921,1.1085099999999999,1.10856,439
2025-02-17 02:30:00,1.10855,1.10867,1.10807,1.10821,431
2025-02-17 03:00:00,1.10822,1.10823,1.10796,1.10816,414
2025-02-17 03:30:00,1.10816,1.10839,1.10736,1.10833,578
2025-02-17 04:00:00,1.10834,1.10839,1.10789,1.10832,481
2025-02-17 04:30:00,1.10832,1.10867,1.10826,1.10864,434
2025-02-17 05:00:00,1.10865,1.10919,1.10865,1.10918,393
2025-02-17 05:30:00,1.10918,1.10934,1.10907,1.10932,384
2025-02-17 06:00:00,1.10933,1.10968,1.10892,1.10901,376
2025-02-17 06:30:00,1.10901,1.1095,1.10894,1.10911,360
2025-02-17 07:00:00,1.1091199999999999,1.10987,1.10908,1.10978,480
2025-02-17 07:30:00,1.10976,1.11006,1.10966,1.11001,529
2025-02-17 08:00:00,1.11001,1.11018,1.10943,1.10947,612
2025-02-17 08:30:00,1.10947,1.10982,1.10936,1.1097299999999999,471
2025-02-17 09:00:00,1.10974,1.10981,1.10934,1.10964,516
2025-02-17 09:30:00,1.10965,1.10976,1.10939,1.10944,542
2025-02-17 10:00:00,1.10945,1.10997,1.10937,1.10984,369
2025-02-17 10:30:00,1.10983,1.10983,1.10935,1.10946,370
2025-02-17 11:00:00,1.10947,1.10996,1.10944,1.10983,395
2025-02-17 11:30:00,1.10984,1.1101,1.10971,1.11009,425
2025-02-17 12:00:00,1.11009,1.11013,1.10994,1.11005,441
2025-02-17 12:30:00,1.11005,1.11016,1.10979,1.10988,458
2025-02-17 13:00:00,1.10988,1.10996,1.10946,1.10947,479
2025-02-17 13:30:00,1.10947,1.10953,1.10934,1.10937,498
2025-02-17 14:00:00,1.10937,1.10945,1.10933,1.10938,317
2025-02-17 14:30:00,1.1094,1.10961,1.10926,1.10956,426
2025-02-17 15:00:00,1.10956,1.10986,1.10946,1.10972,640
2025-02-17 15:30:00,1.10972,1.10977,1.10951,1.10971,469
2025-02-17 16:00:00,1.10972,1.10987,1.10969,1.10979,587
2025-02-17 16:30:00,1.10978,1.10979,1.10967,1.10971,652
2025-02-17 17:00:00,1.10972,1.10979,1.10957,1.10969,604
2025-02-17 17:30:00,1.10967,1.1097,1.10952,1.1096,448
2025-02-17 18:00:00,1.1096,1.10972,1.10941,1.10942,533
2025-02-17 18:30:00,1.10942,1.10962,1.10936,1.10937,299
2025-02-17 19:00:00,1.10939,1.10943,1.10886,1.10889,573
2025-02-17 19:30:00,1.10889,1.10901,1.10881,1.10884,444
2025-02-17 20:00:00,1.10866,1.1089,1.10858,1.10875,482
2025-02-17 20:30:00,1.10876,1.10888,1.10821,1.10824,484
2025-02-17 21:00:00,1.10822,1.10826,1.10786,1.10791,586
2025-02-17 21:30:00,1.10791,1.10863,1.1078999999999999,1.10859,281
2025-02-17 22:00:00,1.10858,1.10864,1.10836,1.10842,370
2025-02-17 22:30:00,1.10848,1.10858,1.10821,1.10822,400
2025-02-17 23:00:00,1.10824,1.10844,1.10759,1.10802,294
2025-02-17 23:30:00,1.10803,1.10821,1.10749,1.1077,474
2025-02-18 00:00:00,1.10728,1.10806,1.10611,1.1071,233
2025-02-18 00:30:00,1.10687,1.1083,1.10677,1.10757,355
2025-02-18 01:00:00,1.10778,1.10886,1.10772,1.1086,348
2025-02-18 01:30:00,1.10863,1.10883,1.10848,1.10876,302
2025-02-18 02:00:00,1.10878,1.10891,1.10857,1.10865,297
2025-02-18 02:30:00,1.1087,1.10901,1.10867,1.10892,313
2025-02-18 03:00:00,1.1089,1.10926,1.10863,1.10889,533
2025-02-18 03:30:00,1.10888,1.1098,1.10874,1.1096,666
2025-02-18 04:00:00,1.10959,1.11033,1.10954,1.11021,471
2025-02-18 04:30:00,1.11022,1.11093,1.11017,1.11077,554
2025-02-18 05:00:00,1.11078,1.11115,1.10971,1.10993,603
2025-02-18 05:30:00,1.11017,1.11327,1.10887,1.1121,987
2025-02-18 06:00:00,1.11211,1.1122,1.11123,1.1113,474
2025-02-18 06:30:00,1.1113,1.11397,1.11126,1.11314,847
2025-02-18 07:00:00,1.11313,1.11346,1.11286,1.1132,872
2025-02-18 07:30:00,1.11322,1.11391,1.1132,1.11331,1027
2025-02-18 08:00:00,1.1133,1.11394,1.11324,1.11343,883
2025-02-18 08:30:00,1.11343,1.11343,1.11265,1.11281,818
2025-02-18 09:00:00,1.11277,1.11305,1.11258,1.11284,493
2025-02-18 09:30:00,1.11283,1.11298,1.11246,1.11259,503
2025-02-18 10:00:00,1.11258,1.11294,1.11255,1.1129,453
2025-02-18 10:30:00,1.11291,1.11351,1.11285,1.1133,576
2025-02-18 11:00:00,1.11331,1.1136,1.11313,1.11349,473
2025-02-18 11:30:00,1.11349,1.1138,1.11344,1.1138,424
2025-02-18 12:00:00,1.11381,1.11452,1.11375,1.11414,461
2025-02-18 12:30:00,1.11412,1.11416,1.11357,1.11358,566
2025-02-18 13:00:00,1.11358,1.11367,1.11345,1.11363,485
2025-02-18 13:30:00,1.11363,1.11375,1.11353,1.11359,530
2025-02-18 14:00:00,1.1136,1.11379,1.11344,1.11345,574
2025-02-18 14:30:00,1.11349,1.1135,1.11308,1.1131,552
2025-02-18 15:00:00,1.1131,1.11388,1.11282,1.11292,644
2025-02-18 15:30:00,1.11292,1.11345,1.1129,1.11306,737
2025-02-18 16:00:00,1.11306,1.11352,1.11303,1.11337,609
2025-02-18 16:30:00,1.11335,1.11349,1.11313,1.11339,731
2025-02-18 17:00:00,1.11339,1.11386,1.11336,1.11363,687
2025-02-18 17:30:00,1.1136,1.114,1.1136,1.11383,578
2025-02-18 18:00:00,1.11382,1.11394,1.11323,1.11323,656
2025-02-18 18:30:00,1.11324,1.11333,1.11296,1.11324,667
2025-02-18 19:00:00,1.11328,1.1135,1.11322,1.11348,708
2025-02-18 19:30:00,1.11348,1.1137,1.11273,1.11273,660
2025-02-18 20:00:00,1.11258,1.11368,1.11258,1.1135,732
2025-02-18 20:30:00,1.11351,1.11353,1.11337,1.1135,562
2025-02-18 21:00:00,1.1135,1.11354,1.11338,1.1134,575
2025-02-18 21:30:00,1.11335,1.11353,1.11319,1.11338,543
2025-02-18 22:00:00,1.11339,1.11363,1.11335,1.11358,456
2025-02-18 22:30:00,1.11357,1.11371,1.11354,1.11369,591
2025-02-18 23:00:00,1.11368,1.11375,1.11286,1.11331,575
2025-02-18 23:30:00,1.11328,1.11358,1.11284,1.11345,705
2025-02-19 00:00:00,1.11349,1.11349,1.1114,1.11322,520
2025-02-19 00:30:00,1.11309,1.11385,1.11258,1.11339,375
2025-02-19 01:00:00,1.11302,1.11344,1.11243,1.11302,379
2025-02-19 01:30:00,1.11302,1.11367,1.11302,1.11348,242
2025-02-19 02:00:00,1.11348,1.11368,1.11289,1.11289,261
2025-02-19 02:30:00,1.11283,1.1138,1.11244,1.11257,498
2025-02-19 03:00:00,1.11357,1.11727,1.11213,1.11643,1122
2025-02-19 03:30:00,1.11643,1.11732,1.11523,1.11529,686
2025-02-19 04:00:00,1.11525,1.11649,1.11276,1.11286,990
2025-02-19 04:30:00,1.11285,1.11288,1.11171,1.11215,837
2025-02-19 05:00:00,1.11217,1.1125099999999999,1.11193,1.1123,493
2025-02-19 05:30:00,1.11233,1.11278,1.11195,1.11234,537
2025-02-19 06:00:00,1.11236,1.11256,1.11223,1.11231,292
2025-02-19 06:30:00,1.11231,1.11244,1.11217,1.11239,266
2025-02-19 07:00:00,1.1124,1.11249,1.11224,1.11234,291
2025-02-19 07:30:00,1.11234,1.11252,1.11209,1.11218,327
2025-02-19 08:00:00,1.11218,1.11225,1.1115,1.11164,455
2025-02-19 08:30:00,1.11163,1.1118,1.11143,1.11153,628
2025-02-19 09:00:00,1.11151,1.1117,1.11102,1.11106,452
2025-02-19 09:30:00,1.11105,1.11108,1.11081,1.11093,402
2025-02-19 10:00:00,1.11094,1.11141,1.11092,1.11124,395
2025-02-19 10:30:00,1.11124,1.11125,1.11047,1.11061,370
2025-02-19 11:00:00,1.11062,1.11066,1.11025,1.1103399999999999,373
2025-02-19 11:30:00,1.1103399999999999,1.11041,1.11027,1.11036,325
2025-02-19 12:00:00,1.11036,1.11117,1.1103399999999999,1.11098,346
2025-02-19 12:30:00,1.11099,1.11123,1.11088,1.11107,347
2025-02-19 13:00:00,1.11107,1.11112,1.1105,1.11081,445
2025-02-19 13:30:00,1.11082,1.11119,1.11081,1.11109,369
2025-02-19 14:00:00,1.11108,1.11132,1.11103,1.11132,351
2025-02-19 14:30:00,1.1113,1.11161,1.11126,1.11139,326
2025-02-19 15:00:00,1.11136,1.11158,1.11133,1.11135,549
2025-02-19 15:30:00,1.11136,1.11143,1.11108,1.1112,923
2025-02-19 16:00:00,1.11119,1.11125,1.11089,1.111,1358
2025-02-19 16:30:00,1.11099,1.11148,1.11092,1.11133,1794
2025-02-19 17:00:00,1.11132,1.11184,1.11113,1.11172,1584
2025-02-19 17:30:00,1.11172,1.11197,1.11117,1.11186,2325
2025-02-19 18:00:00,1.11186,1.11243,1.11184,1.11225,1841
2025-02-19 18:30:00,1.11222,1.11233,1.11196,1.1122,1268
2025-02-19 19:00:00,1.11217,1.11234,1.11194,1.11211,1177
2025-02-19 19:30:00,1.11213,1.11243,1.11205,1.11239,898
2025-02-19 20:00:00,1.11248,1.1126800000000001,1.11225,1.11263,879
2025-02-19 20:30:00,1.11265,1.11283,1.11259,1.11262,873
2025-02-19 21:00:00,1.11263,1.11283,1.11247,1.11271,1307
2025-02-19 21:30:00,1.1127,1.11301,1.11267,1.11298,1046
2025-02-19 22:00:00,1.11294,1.113,1.11277,1.11287,931
2025-02-19 22:30:00,1.11286,1.11307,1.11283,1.11305,951
2025-02-19 23:00:00,1.11257,1.11289,1.11212,1.11228,612
2025-02-19 23:30:00,1.1123,1.11261,1.11125,1.11182,789
2025-02-20 00:00:00,1.11133,1.11186,1.10913,1.11135,385
2025-02-20 00:30:00,1.11114,1.11208,1.11092,1.11152,513
2025-02-20 01:00:00,1.1120700000000001,1.11226,1.11147,1.11204,582
2025-02-20 01:30:00,1.11205,1.11228,1.11184,1.11212,638
2025-02-20 02:00:00,1.11211,1.11211,1.11086,1.11089,932
2025-02-20 02:30:00,1.11103,1.11342,1.11103,1.11266,1544
2025-02-20 03:00:00,1.11264,1.11273,1.1113,1.11148,1602
2025-02-20 03:30:00,1.11147,1.11189,1.11119,1.11162,1847
2025-02-20 04:00:00,1.11163,1.11233,1.11124,1.11181,1646
2025-02-20 04:30:00,1.1118,1.11305,1.11177,1.11255,1954
2025-02-20 05:00:00,1.11254,1.11286,1.11197,1.11209,1339
2025-02-20 05:30:00,1.1120700000000001,1.113,1.11191,1.11266,1258
2025-02-20 06:00:00,1.11266,1.11305,1.11256,1.11279,892
2025-02-20 06:30:00,1.11278,1.1128,1.11221,1.11244,896
2025-02-20 07:00:00,1.11244,1.11286,1.11228,1.11234,1080
2025-02-20 07:30:00,1.11233,1.1125099999999999,1.11203,1.11209,952
2025-02-20 08:00:00,1.11211,1.11263,1.1121,1.11226,1121
2025-02-20 08:30:00,1.1123,1.1126,1.11209,1.1125099999999999,1285
2025-02-20 09:00:00,1.1125099999999999,1.11275,1.1122,1.11224,1384
2025-02-20 09:30:00,1.11226,1.11261,1.11219,1.11256,1151
2025-02-20 10:00:00,1.11258,1.11332,1.11249,1.11322,1541
2025-02-20 10:30:00,1.11321,1.11325,1.1123,1.11241,1372
2025-02-20 11:00:00,1.1124,1.11303,1.11237,1.11293,1298
2025-02-20 11:30:00,1.11294,1.11298,1.11258,1.11278,1039
2025-02-20 12:00:00,1.11281,1.11308,1.11263,1.11301,1097
2025-02-20 12:30:00,1.11305,1.11315,1.11289,1.11303,1177
2025-02-20 13:00:00,1.11302,1.11314,1.11282,1.11291,1091
2025-02-20 13:30:00,1.11292,1.11322,1.11276,1.11299,1049
2025-02-20 14:00:00,1.11301,1.11304,1.1126,1.1128,1500
2025-02-20 14:30:00,1.11279,1.11305,1.11263,1.11273,1487
2025-02-20 15:00:00,1.11271,1.11284,1.11201,1.11221,1721
2025-02-20 15:30:00,1.11222,1.11231,1.11195,1.11203,1936
2025-02-20 16:00:00,1.11203,1.1120700000000001,1.11132,1.11143,1803
2025-02-20 16:30:00,1.11144,1.11157,1.11083,1.111,2097
2025-02-20 17:00:00,1.11102,1.11121,1.1108,1.11101,2298
2025-02-20 17:30:00,1.11101,1.1111,1.11073,1.111,1983
2025-02-20 18:00:00,1.11102,1.11121,1.11035,1.11061,1688
2025-02-20 18:30:00,1.11062,1.11101,1.11058,1.11076,1269
2025-02-20 19:00:00,1.11073,1.11097,1.10977,1.10985,1393
2025-02-20 19:30:00,1.10983,1.11017,1.10959,1.11001,1238
2025-02-20 20:00:00,1.11006,1.11027,1.10987,1.11013,1078
2025-02-20 20:30:00,1.11015,1.11047,1.11005,1.11045,814
2025-02-20 21:00:00,1.11043,1.11059,1.11036,1.11048,918
2025-02-20 21:30:00,1.11047,1.11092,1.1103,1.1109,1003
2025-02-20 22:00:00,1.11086,1.1109499999999999,1.11073,1.11083,778
2025-02-20 22:30:00,1.1108,1.11084,1.11059,1.11072,878
2025-02-20 23:00:00,1.11023,1.11063,1.1101,1.11017,539
2025-02-20 23:30:00,1.11018,1.11081,1.11006,1.11006,900
2025-02-21 00:00:00,1.10941,1.11076,1.10807,1.10943,269
2025-02-21 00:30:00,1.10947,1.11041,1.1089,1.11026,575
2025-02-21 01:00:00,1.11083,1.1109499999999999,1.10984,1.11006,909
2025-02-21 01:30:00,1.11007,1.1108500000000001,1.11006,1.11052,830
2025-02-21 02:00:00,1.11054,1.11074,1.11021,1.11048,1070
2025-02-21 02:30:00,1.11047,1.11065,1.10967,1.1097,981
2025-02-21 03:00:00,1.10975,1.11012,1.10956,1.10987,1369
2025-02-21 03:30:00,1.10985,1.11016,1.1096300000000001,1.10982,1912
2025-02-21 04:00:00,1.10981,1.1101,1.1096300000000001,1.10983,1740
2025-02-21 04:30:00,1.10983,1.1105,1.1097,1.10988,1836
2025-02-21 05:00:00,1.10991,1.11005,1.1096300000000001,1.10989,1502
2025-02-21 05:30:00,1.10987,1.10995,1.10942,1.10951,1061
2025-02-21 06:00:00,1.10952,1.10978,1.10942,1.10976,814
2025-02-21 06:30:00,1.10977,1.10984,1.10928,1.1093,826
2025-02-21 07:00:00,1.10929,1.10945,1.10895,1.10923,1259
2025-02-21 07:30:00,1.10921,1.10932,1.10869,1.1090200000000001,1362
2025-02-21 08:00:00,1.10903,1.1093,1.10884,1.10914,1401
2025-02-21 08:30:00,1.10918,1.10936,1.10906,1.10924,1213
2025-02-21 09:00:00,1.10925,1.10948,1.1091199999999999,1.10919,1349
2025-02-21 09:30:00,1.10923,1.10925,1.10869,1.10888,1368
2025-02-21 10:00:00,1.10888,1.10916,1.10856,1.10876,1895
2025-02-21 10:30:00,1.10879,1.10893,1.10856,1.1086,1668
2025-02-21 11:00:00,1.10861,1.10908,1.10861,1.10903,1420
2025-02-21 11:30:00,1.1090200000000001,1.10929,1.10899,1.10922,1232
2025-02-21 12:00:00,1.10923,1.10948,1.10916,1.10919,1090
2025-02-21 12:30:00,1.10918,1.10928,1.10898,1.10901,1001
2025-02-21 13:00:00,1.109,1.10943,1.10895,1.1094,859
2025-02-21 13:30:00,1.10936,1.10944,1.10918,1.10933,963
2025-02-21 14:00:00,1.10934,1.10958,1.10922,1.10947,1204
2025-02-21 14:30:00,1.10947,1.10952,1.1092,1.10924,1102
2025-02-21 15:00:00,1.10925,1.10949,1.10887,1.10891,1255
2025-02-21 15:30:00,1.10889,1.10917,1.1087,1.10903,1405
2025-02-21 16:00:00,1.10901,1.10928,1.10894,1.1091199999999999,1587
2025-02-21 16:30:00,1.1091,1.10911,1.10822,1.10833,2185
2025-02-21 17:00:00,1.10826,1.10856,1.10809,1.1085099999999999,2384
2025-02-21 17:30:00,1.10852,1.10882,1.10837,1.10857,1946
2025-02-21 18:00:00,1.10856,1.10866,1.10831,1.10856,1399
2025-02-21 18:30:00,1.10855,1.10868,1.10843,1.10849,1185
2025-02-21 19:00:00,1.10846,1.10856,1.10828,1.10837,1181
2025-02-21 19:30:00,1.10833,1.1086,1.10825,1.10832,1213
2025-02-21 20:00:00,1.10829,1.10836,1.10763,1.1077,1619
2025-02-21 20:30:00,1.10766,1.10804,1.10758,1.10784,1372
2025-02-21 21:00:00,1.10787,1.10787,1.10736,1.1074,1272
2025-02-21 21:30:00,1.10738,1.1076,1.10725,1.1074,1290
2025-02-21 22:00:00,1.10739,1.1076,1.10706,1.10727,1065
2025-02-21 22:30:00,1.10725,1.10734,1.10696,1.1071,1004
2025-02-21 23:00:00,1.10663,1.1071,1.1064,1.1065,866
2025-02-21 23:30:00,1.10648,1.10698,1.10552,1.10673,958
2025-02-24 00:00:00,1.10631,1.10755,1.10612,1.10679,400
2025-02-24 00:30:00,1.10684,1.10741,1.10575,1.10639,1608
2025-02-24 01:00:00,1.10678,1.10763,1.10678,1.10733,1100
2025-02-24 01:30:00,1.10735,1.10786,1.10727,1.10761,1168
2025-02-24 02:00:00,1.10761,1.10792,1.10739,1.1078000000000001,1366
2025-02-24 02:30:00,1.10782,1.10793,1.10723,1.10732,1735
2025-02-24 03:00:00,1.10733,1.10781,1.10707,1.10777,2200
2025-02-24 03:30:00,1.10776,1.1078999999999999,1.10727,1.10742,2383
2025-02-24 04:00:00,1.10741,1.10749,1.10701,1.1073,2184
2025-02-24 04:30:00,1.10731,1.10781,1.10727,1.10761,2034
2025-02-24 05:00:00,1.10763,1.10791,1.10745,1.10759,1957
2025-02-24 05:30:00,1.1076,1.10773,1.10739,1.10769,1438
2025-02-24 06:00:00,1.10768,1.10779,1.10727,1.10738,1001
2025-02-24 06:30:00,1.10737,1.10786,1.10733,1.10775,882
2025-02-24 07:00:00,1.10772,1.10796,1.10766,1.10786,1413
2025-02-24 07:30:00,1.10788,1.10796,1.10749,1.10753,1285
2025-02-24 08:00:00,1.10752,1.10762,1.10725,1.10727,1478
2025-02-24 08:30:00,1.1073,1.10752,1.10716,1.10744,1420
2025-02-24 09:00:00,1.10742,1.10779,1.10738,1.10748,1797
2025-02-24 09:30:00,1.1075,1.10779,1.10737,1.10777,1745
2025-02-24 10:00:00,1.10778,1.10778,1.10714,1.10744,2194
2025-02-24 10:30:00,1.10745,1.10791,1.10722,1.10784,1784
2025-02-24 11:00:00,1.10783,1.10815,1.10753,1.10804,1602
2025-02-24 11:30:00,1.10805,1.1084,1.10779,1.1078000000000001,1475
2025-02-24 12:00:00,1.10778,1.10833,1.10775,1.10819,1312
2025-02-24 12:30:00,1.10818,1.10824,1.1077,1.10774,1478
2025-02-24 13:00:00,1.10773,1.10831,1.10765,1.10828,1301
2025-02-24 13:30:00,1.10828,1.10831,1.10802,1.10811,1186
2025-02-24 14:00:00,1.10812,1.10814,1.10788,1.10799,1376
2025-02-24 14:30:00,1.10799,1.10832,1.1078999999999999,1.10821,1366
2025-02-24 15:00:00,1.10819,1.10825,1.10778,1.10782,1556
2025-02-24 15:30:00,1.10782,1.10806,1.1077,1.10797,1484
2025-02-24 16:00:00,1.10796,1.10825,1.10779,1.10781,1538
2025-02-24 16:30:00,1.10782,1.10783,1.10654,1.10671,2590
2025-02-24 17:00:00,1.10673,1.1068500000000001,1.10637,1.10651,2396
2025-02-24 17:30:00,1.1065,1.1067,1.10627,1.10665,2432
2025-02-24 18:00:00,1.10664,1.10707,1.10643,1.10689,1984
2025-02-24 18:30:00,1.10691,1.10719,1.10683,1.10695,1534
2025-02-24 19:00:00,1.10692,1.10733,1.10691,1.10712,1457
2025-02-24 19:30:00,1.10711,1.10744,1.10699,1.10705,1379
2025-02-24 20:00:00,1.10712,1.10718,1.10697,1.10702,1184
2025-02-24 20:30:00,1.10703,1.10715,1.10691,1.10707,971
2025-02-24 21:00:00,1.10709,1.10712,1.10674,1.10684,998
2025-02-24 21:30:00,1.1068500000000001,1.10701,1.10673,1.10693,1242
2025-02-24 22:00:00,1.10695,1.10725,1.10681,1.10699,1587
2025-02-24 22:30:00,1.10698,1.10726,1.10695,1.1071,1458
2025-02-24 23:00:00,1.10711,1.10733,1.10661,1.10687,562
2025-02-24 23:30:00,1.10688,1.10739,1.1067,1.10726,1105
2025-02-25 00:00:00,1.10728,1.10798,1.10636,1.10709,200
2025-02-25 00:30:00,1.10712,1.10715,1.10641,1.10655,529
2025-02-25 01:00:00,1.10658,1.10752,1.10658,1.10704,824
2025-02-25 01:30:00,1.10705,1.10715,1.10659,1.10682,744
2025-02-25 02:00:00,1.10683,1.10735,1.10681,1.1072899999999999,1070
2025-02-25 02:30:00,1.1073,1.10763,1.10703,1.10749,1200
2025-02-25 03:00:00,1.10749,1.10776,1.10727,1.1075,1616
2025-02-25 03:30:00,1.10751,1.10772,1.10731,1.10758,1615
2025-02-25 04:00:00,1.10759,1.10793,1.1073,1.10785,1527
2025-02-25 04:30:00,1.10784,1.10812,1.1076,1.10812,1561
2025-02-25 05:00:00,1.10812,1.10833,1.10778,1.10795,1304
2025-02-25 05:30:00,1.10796,1.10814,1.10755,1.10791,1012
2025-02-25 06:00:00,1.1078999999999999,1.10796,1.10756,1.10763,779
2025-02-25 06:30:00,1.10764,1.10768,1.10718,1.10726,866
2025-02-25 07:00:00,1.10725,1.10756,1.1072,1.10751,983
2025-02-25 07:30:00,1.1075,1.10762,1.10723,1.10741,1062
2025-02-25 08:00:00,1.10742,1.10761,1.10728,1.10748,1097
2025-02-25 08:30:00,1.10751,1.10763,1.10708,1.1074,1368
2025-02-25 09:00:00,1.1074,1.10772,1.1072,1.10724,1683
2025-02-25 09:30:00,1.10727,1.10727,1.10683,1.10687,1886
2025-02-25 10:00:00,1.10688,1.10761,1.10684,1.10734,2032
2025-02-25 10:30:00,1.10736,1.10755,1.10703,1.10716,1605
2025-02-25 11:00:00,1.10715,1.10783,1.10701,1.10779,1588
2025-02-25 11:30:00,1.1078000000000001,1.10814,1.10759,1.10798,1445
2025-02-25 12:00:00,1.10796,1.10838,1.10786,1.1078999999999999,1613
2025-02-25 12:30:00,1.10789,1.1083,1.1078000000000001,1.10807,1156
2025-02-25 13:00:00,1.10809,1.10869,1.10801,1.10862,1171
2025-02-25 13:30:00,1.10863,1.10908,1.1085,1.10886,1269
2025-02-25 14:00:00,1.10887,1.10888,1.10839,1.1084,2653
2025-02-25 14:30:00,1.1084100000000001,1.10865,1.10832,1.10848,1631
2025-02-25 15:00:00,1.10849,1.1089,1.10826,1.10834,1673
2025-02-25 15:30:00,1.10835,1.10857,1.10796,1.10802,1690
2025-02-25 16:00:00,1.10804,1.10811,1.10772,1.10784,1760
2025-02-25 16:30:00,1.10784,1.10801,1.10731,1.10752,2106
2025-02-25 17:00:00,1.10757,1.10757,1.1065,1.10686,2848
2025-02-25 17:30:00,1.1068500000000001,1.10811,1.10678,1.10808,2777
2025-02-25 18:00:00,1.10806,1.10821,1.1077,1.10772,2327
2025-02-25 18:30:00,1.10775,1.10798,1.1074,1.1078999999999999,1999
2025-02-25 19:00:00,1.10788,1.10826,1.10771,1.10816,1731
2025-02-25 19:30:00,1.10816,1.1084100000000001,1.10796,1.10814,1352
2025-02-25 20:00:00,1.10813,1.10852,1.10812,1.10836,1414
2025-02-25 20:30:00,1.10835,1.1089,1.10829,1.10872,1493
2025-02-25 21:00:00,1.10869,1.10871,1.10833,1.1084,1302
2025-02-25 21:30:00,1.10839,1.10878,1.10836,1.10859,1301
2025-02-25 22:00:00,1.10858,1.10888,1.10856,1.10875,1301
2025-02-25 22:30:00,1.10874,1.1088,1.10823,1.10831,1354
2025-02-25 23:00:00,1.10786,1.10829,1.10772,1.10782,927
2025-02-25 23:30:00,1.1078000000000001,1.10821,1.10658,1.10719,933
2025-02-26 00:00:00,1.10682,1.10826,1.10489,1.10787,249
2025-02-26 00:30:00,1.10791,1.10817,1.10738,1.10784,710
2025-02-26 01:00:00,1.10844,1.10849,1.10769,1.10778,689
2025-02-26 01:30:00,1.10778,1.10837,1.10776,1.1083,734
2025-02-26 02:00:00,1.10826,1.1085099999999999,1.10783,1.10823,905
2025-02-26 02:30:00,1.10825,1.10825,1.10753,1.10773,1270
2025-02-26 03:00:00,1.10771,1.10772,1.10726,1.10754,1634
2025-02-26 03:30:00,1.10753,1.10853,1.10728,1.10833,1883
2025-02-26 04:00:00,1.10833,1.10843,1.10735,1.10748,1710
2025-02-26 04:30:00,1.10752,1.10772,1.10702,1.10768,1561
2025-02-26 05:00:00,1.10765,1.10789,1.10715,1.10739,1423
2025-02-26 05:30:00,1.10737,1.10768,1.1072899999999999,1.10755,1042
2025-02-26 06:00:00,1.10756,1.10761,1.10718,1.10752,830
2025-02-26 06:30:00,1.10753,1.10777,1.10745,1.10764,809
2025-02-26 07:00:00,1.10765,1.1078999999999999,1.10754,1.10774,1132
2025-02-26 07:30:00,1.10775,1.10788,1.1073,1.10773,1172
2025-02-26 08:00:00,1.10772,1.1084100000000001,1.10769,1.1082,1030
2025-02-26 08:30:00,1.10823,1.10872,1.10812,1.10837,1149
2025-02-26 09:00:00,1.10835,1.10843,1.10793,1.10824,1491
2025-02-26 09:30:00,1.10824,1.1083,1.10773,1.10816,1807
2025-02-26 10:00:00,1.10817,1.10868,1.1081,1.10846,1731
2025-02-26 10:30:00,1.10846,1.10863,1.10812,1.10814,1573
2025-02-26 11:00:00,1.10812,1.10835,1.10783,1.10827,1330
2025-02-26 11:30:00,1.10825,1.10861,1.10809,1.10822,1307
2025-02-26 12:00:00,1.10821,1.1084100000000001,1.10802,1.10821,1252
2025-02-26 12:30:00,1.10821,1.10847,1.10809,1.10814,1274
2025-02-26 13:00:00,1.10816,1.10857,1.10811,1.10848,1307
2025-02-26 13:30:00,1.1085,1.10884,1.10821,1.10829,1296
2025-02-26 14:00:00,1.10826,1.1086,1.10812,1.1084100000000001,1367
2025-02-26 14:30:00,1.10843,1.10855,1.10815,1.10831,1579
2025-02-26 15:00:00,1.10835,1.10853,1.10778,1.10792,1604
2025-02-26 15:30:00,1.10791,1.10806,1.10753,1.10761,1611
2025-02-26 16:00:00,1.1076,1.10763,1.10706,1.10709,1963
2025-02-26 16:30:00,1.10709,1.10743,1.10673,1.10718,2021
2025-02-26 17:00:00,1.10711,1.10791,1.10707,1.10776,2186
2025-02-26 17:30:00,1.10779,1.10783,1.10716,1.10718,2233
2025-02-26 18:00:00,1.1072,1.10774,1.1072,1.10742,2069
2025-02-26 18:30:00,1.10743,1.1075,1.10712,1.10723,1614
2025-02-26 19:00:00,1.10719,1.10739,1.10694,1.10708,2053
2025-02-26 19:30:00,1.107,1.10726,1.10667,1.10719,2774
2025-02-26 20:00:00,1.10738,1.10738,1.10659,1.10664,1793
2025-02-26 20:30:00,1.1066,1.10681,1.10644,1.10657,1712
2025-02-26 21:00:00,1.10655,1.10684,1.10644,1.10676,1859
2025-02-26 21:30:00,1.10676,1.1069,1.10655,1.10679,1337
2025-02-26 22:00:00,1.10676,1.10686,1.10625,1.10641,1466
2025-02-26 22:30:00,1.10645,1.10664,1.10594,1.10594,1253
2025-02-26 23:00:00,1.10596,1.1064,1.10592,1.10626,1111
2025-02-26 23:30:00,1.1063,1.10716,1.10623,1.10673,1148
2025-02-27 00:00:00,1.1068,1.10756,1.10468,1.10639,291
2025-02-27 00:30:00,1.1064,1.10742,1.10605,1.10742,552
2025-02-27 01:00:00,1.10747,1.1075,1.1068,1.10699,602
2025-02-27 01:30:00,1.107,1.10743,1.10696,1.10704,760
2025-02-27 02:00:00,1.10705,1.10716,1.10662,1.10696,1203
2025-02-27 02:30:00,1.10696,1.10702,1.10636,1.10639,1271
2025-02-27 03:00:00,1.10638,1.10704,1.10626,1.10689,1589
2025-02-27 03:30:00,1.1069,1.10744,1.10686,1.10735,2010
2025-02-27 04:00:00,1.10734,1.10776,1.10713,1.10764,1889
2025-02-27 04:30:00,1.10765,1.10777,1.1072,1.10764,1761
2025-02-27 05:00:00,1.10764,1.1078000000000001,1.10724,1.10724,1087
2025-02-27 05:30:00,1.10725,1.1076,1.10677,1.10684,1263
2025-02-27 06:00:00,1.1068500000000001,1.10766,1.10648,1.1074,1182
2025-02-27 06:30:00,1.10741,1.10764,1.10715,1.10762,1048
2025-02-27 07:00:00,1.10763,1.10807,1.1074,1.10798,1294
2025-02-27 07:30:00,1.10797,1.10807,1.10758,1.10786,1282
2025-02-27 08:00:00,1.10789,1.10794,1.10745,1.10746,1343
2025-02-27 08:30:00,1.10747,1.10804,1.10747,1.1078000000000001,1284
2025-02-27 09:00:00,1.10778,1.10805,1.10757,1.10774,1475
2025-02-27 09:30:00,1.10778,1.10791,1.10758,1.10783,1384
2025-02-27 10:00:00,1.10781,1.10842,1.10762,1.10827,1780
2025-02-27 10:30:00,1.10828,1.10838,1.10808,1.10828,1662
2025-02-27 11:00:00,1.10827,1.10845,1.1081,1.10836,1447
2025-02-27 11:30:00,1.10837,1.10856,1.1082,1.10821,1398
2025-02-27 12:00:00,1.10823,1.10839,1.10809,1.10822,1300
2025-02-27 12:30:00,1.10824,1.10844,1.10809,1.10837,1199
2025-02-27 13:00:00,1.10837,1.10862,1.10817,1.10858,1292
2025-02-27 13:30:00,1.10857,1.10866,1.10832,1.10858,1146
2025-02-27 14:00:00,1.10856,1.10864,1.10815,1.1082,1407
2025-02-27 14:30:00,1.10821,1.10834,1.10756,1.10759,1938
2025-02-27 15:00:00,1.1076,1.10798,1.1073,1.10742,1598
2025-02-27 15:30:00,1.10687,1.10791,1.1068,1.10722,3332
2025-02-27 16:00:00,1.10721,1.10775,1.10695,1.10771,2728
2025-02-27 16:30:00,1.10772,1.10774,1.10682,1.10698,2926
2025-02-27 17:00:00,1.10696,1.10795,1.10657,1.10775,2861
2025-02-27 17:30:00,1.10776,1.10845,1.10767,1.10785,2714
2025-02-27 18:00:00,1.10785,1.10859,1.10774,1.10787,2307
2025-02-27 18:30:00,1.10786,1.10807,1.10747,1.10779,1912
2025-02-27 19:00:00,1.10778,1.10794,1.10748,1.10786,1619
2025-02-27 19:30:00,1.10787,1.10811,1.10734,1.10766,1708
2025-02-27 20:00:00,1.10761,1.10767,1.1073,1.10745,1483
2025-02-27 20:30:00,1.10746,1.10761,1.10726,1.10745,1173
2025-02-27 21:00:00,1.10743,1.10759,1.10724,1.1072899999999999,1226
2025-02-27 21:30:00,1.10728,1.10744,1.10705,1.10735,1943
2025-02-27 22:00:00,1.10736,1.10746,1.1069,1.10702,1692
2025-02-27 22:30:00,1.10701,1.1072,1.10648,1.10648,1606
2025-02-27 23:00:00,1.10648,1.10697,1.10629,1.10694,755
2025-02-27 23:30:00,1.10697,1.10734,1.10633,1.10704,972
2025-02-28 00:00:00,1.10683,1.10723,1.1051,1.10688,573
2025-02-28 00:30:00,1.10683,1.1073,1.10625,1.1073,1031
2025-02-28 01:00:00,1.10739,1.10754,1.10689,1.10736,672
2025-02-28 01:30:00,1.10737,1.10758,1.10719,1.10745,728
2025-02-28 02:00:00,1.10744,1.10774,1.10725,1.10751,1148
2025-02-28 02:30:00,1.10751,1.10829,1.10751,1.1078999999999999,1478
2025-02-28 03:00:00,1.1078999999999999,1.10842,1.10782,1.10824,1871
2025-02-28 03:30:00,1.10824,1.10867,1.10783,1.10816,2571
2025-02-28 04:00:00,1.10811,1.10869,1.10785,1.10861,2236
2025-02-28 04:30:00,1.10862,1.10876,1.10793,1.1082,1753
2025-02-28 05:00:00,1.10821,1.10875,1.10804,1.10871,1578
2025-02-28 05:30:00,1.10872,1.10882,1.10833,1.10861,1534
2025-02-28 06:00:00,1.10857,1.10886,1.10823,1.10877,1455
2025-02-28 06:30:00,1.10879,1.10927,1.10876,1.10922,1435
2025-02-28 07:00:00,1.10923,1.10951,1.10889,1.10946,1623
2025-02-28 07:30:00,1.10948,1.10969,1.10928,1.10933,1266
2025-02-28 08:00:00,1.10934,1.10979,1.10932,1.10956,1502
2025-02-28 08:30:00,1.10958,1.10965,1.10915,1.10917,1439
2025-02-28 09:00:00,1.1092,1.10934,1.10887,1.10926,1539
2025-02-28 09:30:00,1.10927,1.10934,1.1088,1.10915,1827
2025-02-28 10:00:00,1.10914,1.1096300000000001,1.10884,1.10933,1974
2025-02-28 10:30:00,1.10933,1.10967,1.10905,1.10949,1369
2025-02-28 11:00:00,1.10951,1.10957,1.10887,1.10933,1547
2025-02-28 11:30:00,1.10932,1.10961,1.10919,1.1094,1191
2025-02-28 12:00:00,1.10939,1.10967,1.10934,1.10947,1094
2025-02-28 12:30:00,1.10946,1.10986,1.10946,1.10965,1193
2025-02-28 13:00:00,1.10966,1.10982,1.10947,1.10971,1070
2025-02-28 13:30:00,1.10971,1.1098,1.1096,1.1097299999999999,1132
2025-02-28 14:00:00,1.1097,1.10993,1.1096300000000001,1.10976,1495
2025-02-28 14:30:00,1.10976,1.10984,1.10934,1.10948,1401
2025-02-28 15:00:00,1.10945,1.10975,1.10915,1.10929,1562
2025-02-28 15:30:00,1.1093,1.10964,1.10879,1.10886,2221
2025-02-28 16:00:00,1.1089,1.1091199999999999,1.10873,1.10882,1971
2025-02-28 16:30:00,1.10884,1.10903,1.10828,1.10875,2530
2025-02-28 17:00:00,1.10875,1.10892,1.10829,1.10834,2235
2025-02-28 17:30:00,1.10831,1.10965,1.10828,1.10962,2421
2025-02-28 18:00:00,1.10965,1.10983,1.10869,1.10876,2286
2025-02-28 18:30:00,1.10875,1.10905,1.10867,1.10886,2053
2025-02-28 19:00:00,1.10883,1.1089,1.10852,1.10872,1806
2025-02-28 19:30:00,1.10874,1.10884,1.10843,1.10853,1598
2025-02-28 20:00:00,1.1085099999999999,1.10887,1.10824,1.1084100000000001,2235
2025-02-28 20:30:00,1.10843,1.10887,1.10842,1.10859,2132
2025-02-28 21:00:00,1.10859,1.10887,1.10855,1.10885,1872
2025-02-28 21:30:00,1.10885,1.10895,1.10862,1.10886,1496
2025-02-28 22:00:00,1.10885,1.10919,1.10876,1.10906,1412
2025-02-28 22:30:00,1.10908,1.10911,1.10863,1.10892,1640
2025-02-28 23:00:00,1.10838,1.10855,1.10809,1.10849,941
2025-02-28 23:30:00,1.1085,1.10885,1.10707,1.10853,1015
2025-03-03 00:00:00,1.10798,1.10941,1.10786,1.1089,337
2025-03-03 00:30:00,1.10893,1.10913,1.10742,1.10789,822
2025-03-03 01:00:00,1.1084,1.109,1.1083,1.10888,1616
2025-03-03 01:30:00,1.1089,1.11002,1.10883,1.10979,1382
2025-03-03 02:00:00,1.10978,1.10996,1.10928,1.10962,1669
2025-03-03 02:30:00,1.1096300000000001,1.10989,1.10927,1.10928,1651
2025-03-03 03:00:00,1.10927,1.10992,1.10925,1.10972,1912
2025-03-03 03:30:00,1.10971,1.10979,1.1093,1.10966,1938
2025-03-03 04:00:00,1.10965,1.11014,1.10949,1.1097299999999999,1468
2025-03-03 04:30:00,1.10974,1.10974,1.10881,1.10889,1437
2025-03-03 05:00:00,1.10887,1.1092,1.10869,1.10916,1794
2025-03-03 05:30:00,1.10915,1.10989,1.10913,1.10976,1350
2025-03-03 06:00:00,1.10977,1.1103399999999999,1.10965,1.1102,900
2025-03-03 06:30:00,1.11019,1.11025,1.10995,1.10998,769
2025-03-03 07:00:00,1.10996,1.11017,1.10988,1.11012,1151
2025-03-03 07:30:00,1.11011,1.11022,1.10954,1.10959,1142
2025-03-03 08:00:00,1.10958,1.10958,1.10921,1.10945,1354
